College Name,Location,Rating,Reviews,NIRF Ranking,College URL,Course Title,Total Fees,Course Mode,Course Duration,Course Description,Eligibility Criteria,Selection Process,Entrance Exam,Total Seats
IIT Madras (IITM) - Indian Institute of Technology Madras,N/A,4.7/5,119 Reviews,NIRF Ranking: 1,https://www.careers360.com/university/indian-institute-of-technology-madras/mtech-computer-science-and-engineering-course,M.Tech Computer Science and Engineering at IIT Madras (IITM) Offline Course,General₹ 30.45 K,Full time,24 Months,Master of Technology in Computer Science and Engineering is two years (4 Semester) full-time postgraduate engineering program offered by Indian Institute of Technology Madras.,"FOR GATE QUALIFIED CANDIDATES Candidates qualified in GATE 2022, GATE 2023, or GATE 2024 and satisfying any one of the following: i. Bachelor’s degree in Engineering/ Technology/ Architecture from Educational Institutions approved by AICTE/ Government* ii. Master’s degree in Chemistry/ Life Sciences/ Mathematics/ Physics related subjects from educational Institutions approved by UGC/ Government* iii. Degrees obtained through Distance Education/ Correspondence Mode for the qualifying degree specified in [(i) or (ii)]. The Departments will follow suitability test/ interview procedure for screening in such cases. iv. Candidates yet to appear or have appeared in the final examination for the qualifying degree specified in [(i) or (ii)] and whose results are likely to be declared by July 15, 2024 v. Associate Membership holders of professional bodies for Admission into their parent disciplines from the following: • The Institution of Engineers (India) (AMIE) • The Aeronautical Society of India (AMAeSI) (eligible only for aerodynamics, structures, and propulsions streams) • The Indian Institute of Metals (AMIIM) • The Indian Institute of Chemical Engineers, including Polymer and Environmental Group (AMIIChemE) • The Institution of Electronics and Telecommunication Engineers (AMIETE) * If the degree is issued by a university in countries other than India, the degree must be recognized by the Association of Indian Universities (AIU)/ Commonwealth Universities/ International Association of Universities (IAU) as equivalent to the corresponding Indian Degrees/ Certificates. Additional requirements of GRE/ TOEFL may be required.FOR IIT GRADUATES Candidates graduating/ graduated from IITs with B.Tech. degree and having CGPA of 8.0 (on a scale of 10) and above can apply without GATE Score. These applications will be reviewed by the respective Department(s). FOR SPONSORED CANDIDATES Candidates employed and sponsored (with full pay and allowances for 24 months) by industry/ government organizations/ private and public enterprises, engaged in R&D work recognized by DST/ engineering colleges recognized by AICTE, possessing at least two years of professional experience as on the last date of receipt of applications at IIT Madras can apply, provided they hold: (i) B.E/ B.Tech. degree from AICTE recognized Engineering Colleges/ University with first class or 60% aggregate marks in all the four years (no need for having GATE Score); or (ii) AMIE or any other Associate memberships listed above (no need for having a GATE Score)",The admission for this programme is based on the percentile score in the Graduate Aptitude Test in Engineering (GATE) and personal interviews conducted at IIT Madras.,GATE,67
"IISc Bangalore - Indian Institute of Science, Bangalore",N/A,4.7/5,43 Reviews,NIRF Ranking: 2,https://www.careers360.com/university/indian-institute-of-science-bangalore/mtech-computer-science-and-engineering-course,M.Tech Computer Science and Engineering at IISc Bangalore Offline Course,General₹ 28.40 K,Full time,24 Months,"Master of Technology (MTech) in Computer Science and Engineering is a full-time two-year postgraduate course and it is offered by the Indian Institute of Science, Bangalore.",A Candidate must be passed Bachelor’s degree holders in Engineering/Technology or its equivalent.Bachelor’s degree holders in Physics/ Chemistry/ Mathematics/ Statistics/ Computer Science/ Electronics followed by qualifications obtained through an examination conducted by professional societies recognized by UPSC/AICTE.Master’s degree holders in Science including Physics with Electronics/ Instrumentation/Geology/ Computer Applications/ Physical Sciences/ Mathematical Sciences as applicable to individual departments offering MTech programmes.All the candidates should qualify for the Graduate Aptitude Test in Engineering (GATE) for the M.Tech program.For Sponsored Candidates: BE / B Tech or equivalent degree in Computer Science / Engineering; Information Technology; Information Science/Engineering.,Selection is based on the Valid GATE score only.For Sponsored Candidates: Selection will be based on the performance in the interview.,GATE,62
IIT Bombay - Indian Institute of Technology Bombay,N/A,4.6/5,162 Reviews,NIRF Ranking: 3,https://www.careers360.com/university/indian-institute-of-technology-bombay/mtech-computer-science-and-engineering-course,M.Tech Computer Science and Engineering at IIT Bombay Offline Course,General₹ 1.11 L,Full time,24 Months,Master of Technology in Computer Science and Engineering is two years (4 Semester) full-time postgraduate engineering program offered by Indian Institute of Technology Bombay.,"Candidates with First class or 60% (55% marks for SC/ST) marks in B.E./ B.Tech./ B.Sc. (Engineering)/ M.Sc./ M.C.A./ MBBS/ M.Pharm./ B.Pharm.(4 yr. Degree)/ BDS (4 yr. Degree)/ Associate Membership Examinations conducted by recognized professional bodies (like Institution of Engrs. (India), Institute of Chemical Engrs., Aeronautical Society of India, Institute of Electronics & Telecommunication Engrs., Indian Institute of Metals, etc.) and  recognized as equivalent to B.E. / B.Tech. Degree.For GN/OBC (NC) category:(1) a minimum of 60% marks in aggregate in the qualifying degree.    OR,(2) a First Class as specified by the University.   OR,(3) a minimum Cumulative Grade Point Average (CGPA)/ Cumulative Performance Index (CPI) of   6.0 on the scale of 0­10;   or an equivalent to 6.0 on other corresponding proportional requirements when the scales are other than 0­10. in the qualifying  degree.For SC/ST/PwD category:(1) a minimum of 55% marks in aggregate in the qualifying degree. OR, (2)  a minimum Cumulative Grade Point Average (CGPA)/ Cumulative Performance Index CPI) of 5.5 on the scale of 0­10; an equivalent to 5.6 on another corresponding proportional requirement when the scales are other than 0­10. in the qualifying degree.","Admissions are done the basis of rank obtained in GATE, Test and interview.",GATE,85
IIT Delhi - Indian Institute of Technology Delhi,N/A,4.6/5,285 Reviews,NIRF Ranking: 4,https://www.careers360.com/university/indian-institute-of-technology-delhi/msc-chemistry-course,M.Sc Chemistry at IIT Delhi Offline Course,General₹ 61.75 K,Full time,24 Months,Master of Science in Chemistry is a two-year full-time Postgraduate Chemistry Department course and it is offered by Indian Institute of Technology Delhi.,"At least 55% aggregate marks(taking into account all subjects including languages
and subsidiaries, all years combined) for General category candidates and at least
50% aggregate marks (taking into account all subjects, including languages and
subsidiaries, all years combined) for SC / ST and PD category candidates in the
qualifying degreeFor Candidates with letter grades / CGPA (instead of percentage of marks), the
equivalence in percentage of marks is decided by the Admitting Institute(s).
For M.Sc. (Chemistry) Bachelor’s degree with Chemistry as a subject for three years /
six semesters and Mathematics at (10+2) level. For M.Sc. (Mathematics) Bachelor’s
degree with Mathematics as a subject for at least two years/four semesters. For M.Sc.
(Physics) Bachelor’s degree with Physics as a subject for three years / six semesters and
Mathematics for at least one year/two semesters.",Admissions are done on the basis of score in JAM.,JAM,68
IIT Kanpur - Indian Institute of Technology Kanpur,N/A,4.4/5,161 Reviews,NIRF Ranking: 5,https://www.careers360.com/university/indian-institute-of-technology-kanpur/msc-statistics-course,M.Sc Statistics at IIT Kanpur Offline Course,General₹ 33.45 K,Full time,24 Months,Master of Science in Statistics is two years (4 Semester) full-time postgraduate program in science stream offered by Indian Institute of Technology Kanpur.,"All Applicants admitted through JAM should have a Bachelor’s degree.At least 55% aggregate marks, without rounding off, (taking into account all subjects, including Languages and Subsidiaries, all years combined) for General/OBC-NCL Category Applicants and at least 50% aggregate marks, without rounding off, (taking into account all subjects, including Languages and Subsidiaries, all years combined) for SC/ST and PwD Category Applicants in the qualifying degree.",Admission is done once a year in the month of July through the Joint Admission Test for MS (JAM) conducted on an all India level.,JAM,62
IIT Kharagpur - Indian Institute of Technology Kharagpur,N/A,4.7/5,326 Reviews,NIRF Ranking: 6,https://www.careers360.com/university/indian-institute-of-technology-kharagpur/mtech-metallurgical-and-materials-engineering-course,M.Tech Metallurgical and Materials Engineering at IIT Kharagpur Offline Course,General₹ 45.85 K,Full time,24 Months,Master of Technology (M.Tech) in Metallurgical and Materials Engineering is a two-year (4 semesters) full-time postgraduate program offered at the Indian Institute of Technology Kharagpur.,The program is open to candidates of all categories with a Bachelor's Degree in Engineering/Technology/Architecture/M.Sc or equivalent professional degrees (AMIE etc.) and having valid GATE score.Make sure that your GATE marks are above the cut-off marks of your category and GATE paper.For institutes awarding degree based on aggregate marks secured in all years of the qualifying degree:       (a) GE/OBC/EWS: Min. of 60% marks (or a CGPA of 6.5 on a 10 point scale)       (b) SC/ST/PwD: Min. of 55% marks (or a CGPA of 6.0 on a 10 point scale)For institutes awarding degree based on aggregate marks secured in the final two semesters or final year of the qualifying degree:       (a) GE/OBC/EWS: Min. of 60% marks (or a CGPA of 6.5 on a 10 point scale)       (b) SC/ST/PwD: Min. of 55% marks (or a CGPA of 6.0 on a 10 point scale).,"The admission will be based on either GATE Score only or GATE Score (70 % weightage) and a personal interview (30 % weightage). The personal interview will be held to test the following: (a) Motivation and aptitude for the Programme (b) Suitability for the department/center (c) Skills in basic science, engineering, and relevant areas. The personal interview will be conducted at IIT Kharagpur only.Important Note: For specializations where admission is based on both GATE score and interview, a candidate who fails to appear for the personal interview will not be considered for admission in that specialization.",GATE,67
AIIMS Delhi - All India Institute of Medical Sciences New Delhi,N/A,4.6/5,23 Reviews,NIRF Ranking: 7,https://www.careers360.com/university/all-india-institute-of-medical-sciences-new-delhi/mch-cardio-thoracic-and-vascular-surgery-course,M.Ch Cardio Thoracic and Vascular Surgery at AIIMS Delhi Offline Course,N/A,Full time,36 Months,M.Ch Cardio Thoracic and Vascular Surgery is a three-year Super speciality course of All India Institute of Medical Sciences New Delhi approved by National Medical Commission.,"Required Qualification:A candidate must possess a degree in an M.S. degree in Surgery of this Institute or any other University or any other equivalent degree recognized by the MCI.Age Limit:Upper Age limit is 35 years as on 1 st January.The upper age limit is relaxable for OBC Candidates by a maximum of 3 years.Upper age limit is relaxable in case of SC/ST candidates by a maximum of 5 years.The upper age limit is relaxable for Ex-Serviceman and Commissioned Officer including ECO, SSCO who have rendered or released on satisfactory assignment with age relaxation by a maximum of 5 years.The upper age limit is not applicable to sponsored candidates.The persons with benchmark disabilities shall be given an upper age relaxation of five years for admission to DM/M.Ch for PWD candidates as per Right of persons with Disability Act, 2016.","Selections for M.Ch courses are made through the 2-Stage Performance Evaluation basis:Stage I: Written-test carrying 80 marks of 90 minutes duration in the subject the candidate has applied for. The question paper will consist of 80 Multiple Choice Questions (MCQs).Stage II: Out of the candidates who are 50th percentile or above [as per the decision of the meeting of the Academic Committee in the written test (Stage-I), candidates 3 times the number of seats advertised will be called for departmental clinical/practical/lab based assessment (carrying 20 marks).Final Selection: The Final result will be declared based on total marks obtained in stage-1 and Stage-II Examination.",INI CET,32
IIT Roorkee - Indian Institute of Technology Roorkee,N/A,4.4/5,410 Reviews,NIRF Ranking: 8,https://www.careers360.com/university/indian-institute-of-technology-roorkee/msc-chemistry-course,M.Sc Chemistry at IIT Roorkee Offline Course,General₹ 60.20 K,Full time,24 Months,Master of Science in Chemistry is two years (4 Semester) full-time postgraduate program in Science stream offered by Indian Institute of Technology Roorkee.,"All Applicants admitted through JAM should have a Bachelor’s degree. In the qualifying degree, the aggregate marks or CGPA/CPI without rounding-off (taking into account all subjects, including languages and subsidiaries, all years combined)  should be at least 55% or 5.5 out of 10 for General/OBC (NCL)  category candidates and  50%  or  5.0  out  of  10  for SC/ST and PwD category candidates.","Admissions are made through Joint Admission Test for M.Sc. (JAM) is an all-India entrance examination administered and conducted across the country jointly by the Indian Institute of Science, Bangalore (IISc) and Indian Institutes of Technology (IITs) on behalf of Ministry of Human Resources Development (MHRD), Government of India.",JAM,44
IIT Guwahati (IITG) - Indian Institute of Technology Guwahati,N/A,4.3/5,187 Reviews,NIRF Ranking: 9,https://www.careers360.com/university/indian-institute-of-technology-guwahati/mtech-computer-science-engineering-course,M.Tech Computer Science Engineering at IIT Guwahati (IITG) Offline Course,General₹ 53.15 K,Full time,24 Months,Master of Technology in Computer Science Engineering is two years (4 Semester) full-time postgraduate Computer Science & Engineering department program and it is offered by the Indian Institute of Technology Guwahati.,"A candidate must have Minimum CPI of 6.5 or 60% of marks or First Class in the qualifying degree, fulfilling specific requirements for different disciplines, as indicated below:All regular category candidates (except those having BTech degrees from an IIT with a minimum CPI of 7.0) must possess a valid score of Graduate Aptitude Test in Engineering (GATE). For eligibility for financial assistance for regular category candidates, please see the section “Financial Support” below.Minimum experience required for Sponsored (Full-time) and Part-Time categories of candidates has also been indicated below.Bachelor’s degree in Engineering / Technology or equivalent in an appropriate area or MSc (Computer Science/Information Technology) or Graduates (AMIETE) from Institution of Electronics and Telecommunication Engineers (IETE) in Computer Science & Engineering or MCA from a recognized Institution and a valid GATE score in CS.MSc (Mathematics/Mathematics & Computing/Statistics) from a recognized Institution, with a minimum CPI of 6.5 or 60% of marks or First Class in the qualifying degree, and a valid GATE score in MA.","Admissions are done on the basis of rank in GATE, Group Discussion and personal interview",GATE,68
"JNU Delhi - Jawaharlal Nehru University, New Delhi",N/A,4.5/5,86 Reviews,NIRF Ranking: 10,https://www.careers360.com/university/jawaharlal-nehru-university-new-delhi/mca-course,MCA at JNU Delhi Offline Course,General₹ 610,Full time,36 Months,"Master of Computer Applications is three years full-time course degree offered by Jawaharlal Nehru University, New Delhi. The various programs offered in the School of Computer and System Sciences are M.C.A. (6 Semesters).","A candidate must have passed the Bachelor’s degree in any discipline with adequate competence in
Mathematics under 10+2+3 pattern of education with at least 55%
marks.","The candidates shall be admitted to the MCA program each year on the basis of their performance in the Computer Based Test
(CBT) conducted by the University.",CUET PG,60
"BHU Varanasi - Banaras Hindu University, Varanasi",N/A,4.4/5,507 Reviews,NIRF Ranking: 11,https://www.careers360.com/university/banaras-hindu-university-varanasi/msc-mathematics-course,M.Sc Mathematics at BHU Varanasi Offline Course,General₹ 5.86 K,Full time,24 Months,"Master of Science in Mathematics is two years full-time postgraduate program and it is offered by Banaras Hindu University, Varanasi.",A candidate must have passed the B.Sc. (Hons.)/ B.Sc. under at least 10+2+3 pattern securing a minimum of 50% marks in the aggregate in Science subjects (considering all the three years of B.Sc. Course). The subject in which admission is sought must be Hons. a subject at B.Sc. (Hons.) level/a subject studied in all the three years at the Graduate level.,The admissions shall be made strictly on the basis of merit index in the PET.,CUET PG,115
IIT Hyderabad - Indian Institute of Technology Hyderabad,N/A,4.6/5,28 Reviews,NIRF Ranking: 12,https://www.careers360.com/university/indian-institute-of-technology-hyderabad/msc-chemistry-course,M.Sc Chemistry at IIT Hyderabad Offline Course,General₹ 81.10 K,Full time,24 Months,Master of Science (M.Sc) in Chemistry is a full-time two-year postgraduate course offered by the Indian Institute of Technology Hyderabad.,"The candidates who qualify in JAM shall have to fulfill the following Eligibility Requirement (ER) for admissions in IITs.All candidates admitted through JAM should have a Bachelor's degree.In the qualifying degree, the aggregate marks or CGPA/CPI without rounding-off (taking into account all subjects, including languages and subsidiaries, all years combined) should be at least 55% or 5.5 out of 10 for General/OBC (NCL) category candidates and 50% or 5.0 out of 10 for SC/ST and PwD category candidatesFor Candidates with letter grades/CGPA (instead of a percentage of marks), the equivalence in percentage of marks will be decided by the Admitting Institute(s).",Admissions are based on the basis JAM exam,JAM,40
"JMI New Delhi - Jamia Millia Islamia, New Delhi",N/A,4.5/5,405 Reviews,NIRF Ranking: 13,https://www.careers360.com/university/jamia-millia-islamia-new-delhi/mca-course,MCA at JMI New Delhi Offline Course,General₹ 17.00 K,Full time,24 Months,"Master of Computer Application (MCA) is a two years full-time course postgraduate offered by Jamia Millia Islamia, New Delhi.","Bachelor’s degree in Science/ Natural Science / Social Science/ Engineering /Technology with 50% marks in aggregate or equivalent grade and Mathematics
as one of the subjects at 10+2 or higher level OR BCA/ BSc (IT/CS) with at least 50%marks or equivalent grade.",Admission in Jamia Milia Islamia is through a combined admission test Conducted by the University Evey Year.,N/A,50
"Manipal Academy of Higher Education (MAHE) - Manipal Academy of Higher Education, Manipal",N/A,4.5/5,31 Reviews,NIRF Ranking: 14,https://www.careers360.com/colleges/manipal-institute-of-virology-manipal/msc-clinical-virology-course,"M.Sc Clinical Virology at Manipal Institute of Virology, Manipal Offline Course",General₹ 3.96 L,Full time,24 Months,"Master of Science (M.Sc) in Clinical Virology is a full-time two-year postgraduate course offered by Manipal Academy of Higher Education, Manipal.","The Candidates pass Bachelor's degree in Life Sciences (Microbiology / Biotechnology / Biochemistry / Botany / Zoology) or MBBS / BVSc / BSc-MLT or any other related subjects from a recognized University, with minimum 60% aggregate marks or an equivalent CGPA.",Admissions are on the basis of merit.,N/A,80
"DU Delhi - University of Delhi, Delhi",N/A,4.2/5,280 Reviews,NIRF Ranking: 15,https://www.careers360.com/university/university-of-delhi-delhi/msc-informatics-course,M.Sc Informatics at DU Delhi Offline Course,N/A,Full time,24 Months,"Master of Science in Informatics is two years full time postgraduate course, and it is offered by the University of Delhi, Delhi.",Bachelor's Degree under 10+2+3 scheme (B.Sc/B.Sc(H)/B.Appl.Sc) 50% marks in aggregate or equivalent grade in Physical Sciences or Chemical Sciences or Electronic Sciences or Mathematical Sciences or Computer Sciences or any combinations of subjects with at least two from these disciplines.B.E./B.Tech. Degree in any discipline. 50% Marks in aggregate or equivalent grade.BCA (with 10+2 in PCM) and BIT (with 10+2 in PCM) 50% Marks in aggregate or equivalent grade.,Admissions are done on the basis of entrance test.,CUET PG,78
"AMU Aligarh - Aligarh Muslim University, Aligarh",N/A,4.7/5,417 Reviews,NIRF Ranking: 16,https://www.careers360.com/university/aligarh-muslim-university-aligarh/mca-course,MCA at AMU Aligarh Offline Course,N/A,Full time,36 Months,"Master of Computer Application (MCA) is a full-time two-year postgraduate degree course and it is offered by the Aligarh Muslim University, Aligarh.","B. Tech/BArch/B.E with 55% marks in aggregate.Bachelor Degree in Science from a recognized University with 55% marks in aggregate and must have studied Mathematics along with any two of the following subjects-Statistics, Physics, Chemistry, Computer Application, Computer Maintenance, Information Technology as main or subsidiary subject at the qualifying examination. Must have studied Physics and Mathematics in the Senior Secondary School Certificate or its equivalent Course.",Selection Through Admission Test.,AMU Entrance Test,60
"Jadavpur University, Kolkata",N/A,4.6/5,231 Reviews,NIRF Ranking: 17,https://www.careers360.com/university/jadavpur-university-kolkata/msc-mathematics-course,"M.Sc Mathematics at Jadavpur University, Kolkata Offline Course",N/A,Full time,24 Months,"Master of Science in Mathematics is a two-year full-time course degree and it is offered by Jadavpur University, Kolkata.",A candidate who has passed Bachelor degree of 3 years duration (B.Sc. or equivalent) under 10+2+3 pattern from any recognized university.,N/A,N/A,60
"VIT Vellore - Vellore Institute of Technology, Vellore",N/A,4.4/5,798 Reviews,NIRF Ranking: 19,https://www.careers360.com/university/vellore-institute-of-technology-vellore/mca-course,MCA at VIT Vellore Offline Course,General₹ 2.74 L,Full time,24 Months,This is a two year postgraduate programme in computer applications. The degree for this course will be provided by Vellore Institute of Technology.,"NationalityThe applicant for admission should be a Resident Indian National and should have graduated from Institutions located in India.Candidates should have graduated with a full-time degree from any recognized University/Institute with a minimum aggregate of 60% or First class for the MCA degree program.Consistent Record in X and XII Std is required.Candidates appearing for their final degree exam / final semester exam in the current year are also eligible to apply.Candidates should have completed their final Semester/year exams before the selection counseling at VITThe candidates should produce a statement of final year marks and Provisional degree certificate before August 15th, 2020, failing which admission will be canceled with the forfeit of admission feeRecognized Bachelor’s Degree of Minimum 3 Yrs duration in BCA, B.Sc (IT/Computer Science) with Mathematics as a course at 10+2 level or at Graduate Level. Obtained at least 60% or Ist Class at the qualifying Examination.","The applicants should register for VITMEE, a Computer Based Objective test at indicated test centres.",VITMEE,240
"SRM University Chennai - SRM Institute of Science and Technology, Chennai",N/A,4.3/5,737 Reviews,NIRF Ranking: 21,https://www.careers360.com/university/srm-institute-of-science-and-technology-chennai/msc-applied-data-science-course,M.Sc Applied Data Science at SRM University Chennai Offline Course,General₹ 2.60 L,Full time,24 Months,"Master of Science (M.Sc) in Applied Data Science is two years full-time post graduate program and it is offered by the SRM Institute of Science and Technology, Chennai.",B.Sc IT / B.Sc Computer Science/ BCA/ B.Sc Mathematics / B.Sc Statistics/ B.Sc Physics/ B.Sc Electronics / Triple major subjects with Computer Science as one of the Major subjects.  (Minimum Aggregate of 50%),Admission is done based on fulfilling the requirement of minimum marks in the qualifying examination.,N/A,240
"BITS Pilani - Birla Institute of Technology and Science, Pilani",N/A,4.5/5,266 Reviews,NIRF Ranking: 23,https://www.careers360.com/university/birla-institute-of-technology-and-science-pilani/mpharma-pharmaceutics-course,M.Pharma Pharmaceutics at BITS Pilani Offline Course,General₹ 11.44 L,Full time,24 Months,"Master of Pharmacy in Pharmaceutics is two years full-time Course offered by Birla Institute of Technology and Science, Pilani and Approved by Pharmacy Council of India (PCI).",The candidate should have passed An integrated first degree of BITS in Pharmacy or its equivalent with minimum 60% marks from any recognized college/ university.,Admissions based on GPAT (for M. Pharm.) score and Admissions based on the marks obtained in the online HD test conducted by BITS.,GPAT,15
"Siksha 'O' Anusandhan, Bhubaneswar",N/A,4.1/5,151 Reviews,NIRF Ranking: 24,https://www.careers360.com/university/siksha-o-anusandhan-bhubaneswar/mca-course,"MCA at Siksha 'O' Anusandhan, Bhubaneswar Offline Course",General₹ 3.65 L,Full time,24 Months,"Master of Computer Application (MCA) is two years full-time Postgraduate program and it is offered by Siksha O Anusandhan University, Bhubaneshwar with the approval of AICTE.",A Candidate must have passed or appeared at three year Bachelor Degree in any discipline or  Bachelor Degree in Computer Science Engineering or equivalent Degree from any recognized University with at least 50% of marks (45% in case of candidates belonging to SC / ST / OBC Category) having Mathematics at 10+2 level or at +3 level. Candidates having Business mathematics at +2 or +3 level are not eligible.,Admission to all courses will be made through a Common Admission Test (SAAT) conducted by Siksha ‘O’ Anusadhan University.,SAAT,360
"University of Hyderabad - University of Hyderabad, Hyderabad",N/A,4.8/5,37 Reviews,NIRF Ranking: 25,https://www.careers360.com/university/university-of-hyderabad-hyderabad/msc-mathematics-course,M.Sc Mathematics at University of Hyderabad Offline Course,General₹ 20.02 K,Full time,24 Months,"Master of Science (M.Sc) in Mathematics/ Applied Mathematics is a full-time two-year postgraduate degree course, and it is offered by the University of Hyderabad, Hyderabad.",A candidate must have passed with the Bachelor’s degree with a minimum of 60% marks in the aggregate of optional subjects with Mathematics/ Statistics as one of the subjects; OR with at least 55% of marks for those students who have done B.A. /B.Sc. (Hons) course in Maths / Statistics from any recognized university.,Admissions are done through entrance exam and interview.,CUET PG,75
"Calcutta University - University of Calcutta, Kolkata",N/A,4.2/5,57 Reviews,NIRF Ranking: 26,https://www.careers360.com/colleges/raja-bazar-science-college-university-of-calcutta-kolkata/msc-chemistry-course,"M.Sc Chemistry at Raja Bazar Science College, University of Calcutta, Kolkata Offline Course",N/A,Full time,24 Months,"Master of Science ( M.Sc ) in Chemistry is a full-time two-year postgraduate course offered by the University of Calcutta, Kolkata.",Graduate with Honours in Chemistry with a minimum of 55%  of marks in Chemistry (decided by the admission committee and that may vary from year to year).,N/A,N/A,74
"Homi Bhabha National Institute, Mumbai",N/A,N/A,N/A,NIRF Ranking: 27,https://www.careers360.com/colleges/tata-memorial-hospital-mumbai/mch-surgical-oncology-course,"M.Ch Surgical Oncology at Tata Memorial Hospital, Mumbai Offline Course",N/A,Full time,36 Months,"Master of Chirurgiae(M.Ch) in Surgical Oncology is three years full-time program offered by Homi Bhabha National Institute, Mumbai, and approved by the National  Medical Council of India (NMC).",Candidates must possess a recognized degree of M.S. (or its equivalent recognized degree) in the subjects shown against them.,All admissions of M.Ch courses are made through NEET.,NEET SS,24
"KIIT University - Kalinga Institute of Industrial Technology, Bhubaneswar",N/A,4.3/5,567 Reviews,NIRF Ranking: 28,https://www.careers360.com/university/kalinga-institute-of-industrial-technology-bhubaneswar/mca-course,MCA at KIIT University Offline Course,General₹ 5.55 L,Full time,24 Months,"MCA is a two year (four semester) course approved by All India Council of Technical Education (AICTE). The selection is based on performance in the qualifying exam and written test. While an MCA degree opens doors for a good career, it may be necessary for those aspiring to move onto the fast track, to supplement their knowledge with the latest programming languages.",Any Graduate with minimum 50% marks in graduation or equivalent having mathematics either in 10+2 or graduation level as one of the subject.,"KIIT Entrance Examination (KIITEE) is the All India Entrance Examination conducted by KIIT , Bhubaneswar for admission.",KIITEE,300
IIT Gandhinagar (IIT GN) - Indian Institute of Technology Gandhinagar,N/A,4.4/5,21 Reviews,NIRF Ranking: 29,https://www.careers360.com/university/indian-institute-of-technology-gandhinagar/msc-chemistry-course,M.Sc Chemistry at IIT Gandhinagar (IIT GN) Offline Course,N/A,Full time,24 Months,"Master of Science in Chemistry is two years (4 Semester) full-time postgraduate program in science stream offered by the Indian Institute of Technology, Gandhinagar.",BSc students from select colleges who will graduate in 2022 or have graduated in 2021 and are among the top 5 rank holders in the departments at the end of their pre-final year ( at the end of their final year for 2021 graduates) for candidates from General/EWS/OBC OR top 10 rank holders in the departments at the end of their pre-final year ( at the end of their final year for 2021 graduates) for candidates from SC/ST categories are eligible to apply.BTech students from NITs and select colleges who will graduate in 2022 or have graduated in 2021 and are among the top 5 rank holders in the departments at the end of their pre-final year ( at the end of their final year for 2021 graduates) for candidates from General/EWS/OBC OR top 10 rand holders in the departments at the end of their pre-final year ( at the end of their final year for 2021 graduates) for candidates from SC/ST categories are eligible to apply.BTech students from IITs who will graduate in 2022 or have graduated in 2021 with a CPI/CGPA of not less than 6.0 at the end of their 3rd year and 4th year respectively are eligible to apply.,"Admission is generally offered on the basis of a written test and/or interview. The final selection will be mainly based on academic credentials, written test and/or interview.In view of the current Covid-19 scenario all interviews will be done via online mode.",JAM,45
IIT BHU - Indian Institute of Technology Banaras Hindu University Varanasi,N/A,4.6/5,161 Reviews,NIRF Ranking: 30,https://www.careers360.com/university/indian-institute-of-technology-banaras-hindu-university-varanasi/msc-chemistry-course,M.Sc Chemistry at IIT BHU Offline Course,N/A,Full time,24 Months,Master of Science in Chemistry is full time one year course degree offered by Indian Institute of Technology Banaras Hindu University Varanasi.,The candidate should have passed in Chemistry for three years/six semesters..,N/A,JAM,25
NIT Trichy - National Institute of Technology Tiruchirappalli,N/A,4.4/5,305 Reviews,NIRF Ranking: 31,https://www.careers360.com/university/national-institute-of-technology-tiruchirappalli/mca-course,MCA at NIT Trichy Offline Course,General₹ 2.18 L,Full time,36 Months,"The Department of Computer Applications is one of the pioneering departments of the institution that offers Information Technology courses such as MCA and one among the top five offering MCA courses in the country. It is committed to impart quality education in the sub-fields of IT, a field growing in leaps and bounds. The curriculum is so made that the course provides a good theoretical foundation through high-quality teaching complemented by extensive practical training. It is dedicated to the mission of inculcating value-based, socially committed professionalism to the cause of overall development of students and society.","Candidates, with 60% marks (6.5/10 CGPA) in Bachelor’s degree of Full Time 3 years duration from a recognized University with Mathematics / Statistics / Business Maths. as one of the subjects in any one semester/year, both in graduation and at 10+2 level are eligible. For SC/ST candidates the percentage of marks required is 55%(6.0/10 CGPA). Those candidates who are appearing for the qualifying examinations are also eligible to appear for the test. However, they will have to furnish proof of having passed in the qualifying examination, with 60% marks, at the time of counselling /admission. Indian Nationals only are eligible to appear for the NIMCET.",An admission to MCA Programme is based on the scores in NIT MCA Common Entrance Test (NIMCET).,NIMCET,115
IIT Indore - Indian Institute of Technology Indore,N/A,4.6/5,36 Reviews,NIRF Ranking: 33,https://www.careers360.com/university/indian-institute-of-technology-indore/msc-chemistry-course,M.Sc Chemistry at IIT Indore Offline Course,General₹ 1.28 L,Full time,24 Months,Master of Science in Chemistry is a two-year full-time with provision of converting to MSc + Ph.D. dual degree at the end of 3rd Semester course offered by Indian Institute of Technology Indore.,A candidate who has passed Bachelor degree of 3 years duration (B.Sc. or equivalent) under 10+2+3 pattern from any recognized university.,Applicants can apply for Admission based on (JAM)-Joint Admission Test for M.Sc.,JAM,30
NIT Rourkela - National Institute of Technology Rourkela,N/A,4.6/5,341 Reviews,NIRF Ranking: 34,https://www.careers360.com/university/national-institute-of-technology-rourkela/mtech-communication-and-networks-course,M.Tech Communication and Networks at NIT Rourkela Offline Course,General₹ 2.78 L,Full time,24 Months,Master of Technology (M.Tech) in Communication and Networks is a two-year (4 semesters) full-time postgraduate program offered at National Institute of Technology Rourkela.,Minimum qualification required for the admission to M.Tech program is B.E / B.Tech / M.Sc in relevant subject. Candidates having valid GATE card will get more preference.,Candidates having valid GATE card will get more preference.,GATE,30
IIT ISM Dhanbad - Indian Institute of Technology Indian School of Mines Dhanbad,N/A,4.3/5,204 Reviews,NIRF Ranking: 35,https://www.careers360.com/university/indian-institute-of-technology-indian-school-of-mines-dhanbad/mtech-electronics-and-communication-engineering-course,M.Tech Electronics and Communication Engineering at IIT ISM Dhanbad Offline Course,General₹ 1.48 L,Full time,24 Months,M.Tech Electronics and Communication Engineering is full time two year post graduate degree course offered at Indian Institute of Technology Indian School of Mines Dhanbad.,"Candidates must possess a Bachelor degree in Engineering / Technology or equivalent or a Master degree in Science, from the institutes recognized by UGC / AICTE.Candidates seeking admission to M. Tech. Programmes of the Institute should haveMinimum 55% or CGPA/CPI of 5.5 in 10 point scale (without rounding off) in the qualifying degree for UR/OBC candidates.Minimum 50% or CGPA/CPI of 5.0 in 10 point scale (without rounding off) in the qualifying degree for SC/ST candidates",The admission to different M. Tech. Programmes for candidates will be made on the basis of their GATE score / rank,GATE,80
"JSS Academy of Higher Education and Research, Mysuru",N/A,4.2/5,2 Reviews,NIRF Ranking: 36,https://www.careers360.com/colleges/school-of-life-sciences-jss-academy-of-higher-education-and-research-mysuru/msc-microbiology-course,"M.Sc Microbiology at School of Life Sciences, JSS Academy of Higher Education and Research, Mysuru Offline Course",General₹ 1.82 L,Full time,24 Months,"Master of Science (M.Sc) in Microbiology is a full-time two-year postgraduate course offered by the JSS Academy of Higher Education and Research, Mysuru.",Candidate should have passed B.Sc / B.E / B.Tech /B.Sc Agriculture /Horticulture / B.FSc. /MBBS from any statutory University.,N/A,N/A,120
"UNIPUNE (Pune University) - Savitribai Phule Pune University, Pune",N/A,4.3/5,78 Reviews,NIRF Ranking: 37,https://www.careers360.com/colleges/sinhgad-institute-management-pune/mca-course-2,"MCA at Sinhgad Institute Management, Pune (SIOM Pune) Offline Course",General₹ 1.86 L,Full time,24 Months,"Master of Computer Application (MCA) is a two years full-time course postgraduate offered by Savitribai Phule Pune University, Pune, and approved by the All India Council for Technical Education (AICTE).",Candidate should have passed with min. 50% marks in aggregate (45% in case of backward class candidates from Maharashtra State only) in any Bachelor’s degree of minimum 3 years duration in any discipline recognized by the Association of Indian Universities and having studied Mathematics or Statistics as one of the subjects at 10 + 2 or Graduation level.,Entrance Exam MAH-MCA-CET.,MAH MCA CET,240
"Kerala University - University of Kerala, Thiruvananthapuram",N/A,4.5/5,4 Reviews,NIRF Ranking: 38,https://www.careers360.com/colleges/sree-narayana-institute-of-technology-kollam/mca-course,MCA at SNIT Kollam Offline Course,MQ₹ 1.04 L,Full time,24 Months,"Master of Computer Application (MCA) is a two-year full-time postgraduate course offered by the University of Kerala, Thiruvananthapuram, and approved by the All India Council for Technical Education (AICTE).","1. Candidates should have passed BCA / Bachelor Degree in Computer Science / Engineering or an Equivalent Degree recognized by the University of Kerala. 2. Passed BSc. / B.Com / B.A. with Mathematics at 10, +2 level or at Graduation level or any equivalent degree recognized by the University of Kerala with additional bridge course as per the norms of the University of Kerala, to apply for the program and obtained at least 50% marks (45% marks in case of candidates belonging to reserved category) in the qualifying examination.","MCA Entrance Examination conducted by LBS on behalf of the Director of Technical Education, Government of Kerala/ or any authorized agency following the State Reservation Rules. 50% State Merit Seats allotted to Colleges by LBS on the basis of MCA Entrance Rank. Entrance rank holders should register their details on the LBS site for State merit allotment in time. The College Code is SIA. The allotment Process will be done by LBS through a Single Window System of Centralized Allotment Process (CAP) based on the options submitted online by the candidates who have been included in the Rank list for admission 2022-23 50% of Seats are Management Quota seats: Admission is made based on MCA Entrance Rank and as per University norms only.",KMAT Kerala,60
JIPMER Puducherry - Jawaharlal Institute of Postgraduate Medical Education and Research Puducherry,N/A,4.8/5,6 Reviews,NIRF Ranking: 39,https://www.careers360.com/university/jawaharlal-institute-of-postgraduate-medical-education-and-research-puducherry/ms-general-surgery-course,MS General Surgery at JIPMER Puducherry Offline Course,General₹ 43.58 K,Full time,36 Months,"Master of Surgery in General Surgery is three year full time course offered at the Jawaharlal Institute of Postgraduate Medical Education and Research, Puducherry and approved by National Medical Commission.","(a) Nationality :i) Indian Nationals (IN):- Applicant must be an Indian National or Overseas Citizens of India (OCI) ii) Non-Resident Indians (FN) Non- Resident Indians candidates are required to route their application through the Ministry of Health and Family Welfare, Government of India, New Delhi. All Non-Resident Indians will have to take prior permission from the Medical Council of India before applying for Postgraduate Courses in the Institute. An advance copy of the application and copy of the request to MCI must be submitted at JIPMER, Puducherry before the last date of receipt of applications. In the events of selection, the candidate has to apply for temporary registration with the medical council of India for the duration of the postgraduate study.(b) Educational Qualification:The candidates must possess MBBS or an equivalent Degree recognized by the Medical Council of India.(c) Minimum Qualifying Marks:-i. For all other categories including OBC Category 55% marks in aggregateii. For candidates belonging to the SC/ST Categories 50% marks in aggregateiii. For PWD candidates the minimum aggregate as provided in (i) and (ii) for the category to which the candidate belongs shall apply. (d) Application Status:Candidates who have already done/completed MD/MS in any subject in any Institution are not eligible for admission to MD/MS course at JIPMER.",The admission shall be on the basis of JIPMER PG ranking.,INI CET,20
"KL University Guntur - Koneru Lakshmaiah Education Foundation, Guntur",N/A,4.4/5,151 Reviews,NIRF Ranking: 40,https://www.careers360.com/university/koneru-lakshmaiah-education-foundation-guntur/mca-course,MCA at KL University Guntur Offline Course,General₹ 5.15 L,Full time,24 Months,"Master of Computer Application (MCA) is a two years full-time course postgraduate offered by Koneru Lakshmaiah Education Foundation, Guntur and approved by All India Council for Technical Education (AICTE).",Passed BCA/ Bachelor Degree in Computer Science Engineering or equivalent Degree. OR Passed B.Sc./ B.Com./ B.A. with Mathematics at 10+2 Level or at Graduation Level (with additional bridge Courses as per the norms of the concerned University). Obtained at least 50% marks (45% marks in case of candidates belonging to reserved category) in the qualifying Examination.,N/A,N/A,180
IISER Pune - Indian Institute of Science Education and Research Pune,N/A,4.1/5,8 Reviews,NIRF Ranking: 42,https://www.careers360.com/university/indian-institute-of-science-education-and-research-pune/phd-biology-course,Ph.D Biology at IISER Pune Offline Course,General₹ 3.59 L,Full time,72 Months,"IISER Pune hosts a diverse group of researchers working in various areas. Given the broad scope of the research done at IISER Pune, we are also open to applicants who have specialized in areas other than Biology. Candidates who have not appeared for or did not qualify the JGEEBILS entrance exam, a pre-requisite to apply to the Ph.D. programme in Biology, may choose to apply to the Ecology and Evolution stream or the Quantitative Biology stream provided they satisfy the eligibility criteria for the respective stream (see below). Candidates applying through these streams will only be eligible to work with faculty specializing in Ecology and Evolution or Quantitative Biology.","Masters' (or B.E., B.Tech., M.Tech., MBBS) degree holders in any branch of science including physics, chemistry, mathematics, biological sciences, ecology and environmental sciences, biodiversity, psychology or equivalent. Applicants must have a minimum of 60% marks in aggregate (overall percentage and not just in majoring subject) or an equivalent CGPA in the General /OBC/EWS category or minimum 55% marks in aggregate (overall percentage and not just in majoring subject) or an equivalent CGPA in the SC,ST or PwD category. If a candidate has successfully completed a 4-year bachelor's degree (e.g., BS, B.Tech), it is appropriate to indicate ""Not Applicable"" in the Masters field, denoting that the candidate has not pursued a master's degree.Students whose final results in Masters or equivalent are yet to be declared can also apply. However, if selected, the offer for these students will be provisional, subject to their fulfilling the above criteria.","Applicants must have any one of the following qualifications.Qualified a National Eligibility exam that provides a 5-year Ph.D. fellowship such as CSIR–JRF / UGC–JRF / DBT–JRF–A / ICMR–JRF / DBT–BINC–JRF / Rajiv Gandhi National Fellowship / Maulana Azad National Fellowship / National Fellowship for Scheduled Caste Students by CSIR-UGC / National Fellowship for Higher Education of ST Students / National Fellowship for OBC Candidates / National Fellowship for persons with disabilities (NFPWD). The fellowships must be valid on August 01, 2024.Qualified JEST* or GPAT or NBHM in the last two years.INSPIRE-PhD fellowship (should be in possession of provisional selection letter at the time of Interview).BS-MS/Masters students from any of the Institutes of National Importance with a CGPA 8 or above on a 10-point scale are exempted from national-level test eligibility related criteria.Qualified GATE exams (GATE Life Sciences, GATE Chemistry, GATE Eco-Evo, GATE Biotechnology, GATE Mathematics) in. The GATE score must be valid on August 01, 2024.Qualified JGEBILS (IISER Pune will shortlist based on the ranks of the students).For all the national eligibility examinations which provide a common rank/score, the cut-off rank/score for shortlisting for the interviews for the reserved categories shall be lowered to 1.25 times the General category rank/score.",N/A,N/A
"Thapar Institute of Engineering and Technology, Patiala",N/A,4.3/5,337 Reviews,NIRF Ranking: 43,https://www.careers360.com/university/thapar-institute-of-engineering-and-technology-patiala/me-computer-science-and-engineering-course,"ME Computer Science and Engineering at Thapar Institute of Engineering and Technology, Patiala Offline Course",General₹ 4.29 L,Full time,24 Months,"Master of Engineering in Computer Science and Engineering is two years (4 Semester) full-time postgraduate engineering program offered by Thapar Institute of Engineering and Technology, Patiala and approved by AICTE.","Admission to all the M.E./M.Tech. programmes shall be made on the basis of valid GATE Score in the respective disciplines. First preference will be given to GATE qualified candidates and who have obtained at least 60% (55% for SC/ST/Industry sponsored) marks in the aggregate in the qualifying examination from a recognized University. After offering seats to the GATE qualified candidates, the admission to remaining vacant seats (if any) shall be filled on the basis of merit prepared by giving 30% weightage to 12thmarks and 70% weightage to B.E./B.Tech. marks (up to the end of the pre-final year). Overall minimum 60% (55% for SC/ST/Industry sponsored) in B.E./B.Tech. shall be required to be eligible for admission. OR In case M.Sc. is a qualifying exam, the vacant seats (if any) shall be filled on the basis of merit prepared by giving 50% weightage to B.Sc. marks and 50% weightage to M.Sc. marks (up to end of the pre-final year). Overall minimum 60% (55% for SC/ST/Industry sponsored) in M.Sc. shall be required to be eligible for admission. Qualifying degree for M.E./M.Tech. programme in various disciplines is as under:The candidate should have passed in B.E./B.Tech. degree in any discipline of Engineering OR M.Sc. in Mathematics/ Statistics/ Computer Science/ Electronics/ Physics/ Operations Research/ Information Science/ Information Technology OR MCA OR Equivalent.",Admission to all the M.E./M.Tech. programmes shall be made on the basis of valid GATE Score in respective discipline.,GATE,60
"Bharathiar University - Bharathiar University, Coimbatore",N/A,4.1/5,13 Reviews,NIRF Ranking: 44,https://www.careers360.com/colleges/kgisl-institute-of-information-management-coimbatore/mca-course,"MCA at KGISL Institute of Information Management, Coimbatore Offline Course",N/A,Full time,24 Months,"Master of Computer Application (MCA) is a two-year full-time course postgraduate offered by Bharathiar University, Coimbatore, and approved by the All India Council for Technical Education (AICTE).","Should have passed any recognized bachelor's degree of minimum 3 years duration in any discipline with Mathematics or Statistics at 10+2 school level (or) should have passed any recognized bachelor's degree of minimum 3 years duration in any discipline with Mathematics or Statistics as one of the subjects.However, their selection will be considered only if they successfully complete the degree program and satisfy the above eligibility conditions at the time of admission. Candidates who do not fulfill the eligibility conditions on the day of admission will not be considered for admission.The candidates should have completed 10+2+3 years of study before being admitted to the MCA course.","A Candidate's Admission to the MCA program is based on performance in Admission Test, Academic Marks, and Interview",TANCET,120
"LPU Jalandhar - Lovely Professional University, Phagwara",N/A,4.4/5,1153 Reviews,NIRF Ranking: 45,https://www.careers360.com/university/lovely-professional-university-phagwara/mpharma-pharmaceutical-analysis-course,M.Pharma Pharmaceutical Analysis at LPU Jalandhar Offline Course,General₹ 4.80 L,Full time,24 Months,"M.Pharma Pharmaceutical Analysis is a two-year full-time course offered by Lovely Professional University, Phagwara and approved by PCI.","Pass with 55% aggregate marks in B.Pharmacy (approved by PCI, India) subject to qualifying; LPUNEST* or GPAT.(5% relaxation to SC or ST applicants)*The LPUNEST exam offers convenient choices to candidates: Online remotely proctored from Home (recommended by the university, based on available resources) or Test centre-based options.","Merit in qualifying examination, subject to fulfilling eligibility criteria.",GPAT,15
NIT Surathkal (NITK) - National Institute of Technology Karnataka Surathkal,N/A,4.4/5,95 Reviews,NIRF Ranking: 46,https://www.careers360.com/university/national-institute-of-technology-karnataka-surathkal/mtech-mechatronics-engineering-course,M.Tech Mechatronics Engineering at NIT Surathkal (NITK) Offline Course,General₹ 3.22 L,Full time,24 Months,Master of Technology (M.Tech) in Mechatronics Engineering is a two-year (4 Semesters) full-time postgraduate program under the Department of Mechanical Engineering offered at National Institute of Technology Karnataka Surathkal.,"For a candidate to be eligible for M.Tech.programme:Must have a valid GATE ScoreIn qualifying degree, the candidates should have passed and secured at least 6.5 CGPA (on a 10-point scale) or 60% for OC/OB, whereas 6.0 CGPA (on a 10-point scale) or 55% in case of SC/ST/PwD candidates.","Common Admission for M.Tech Fulltime Program (for scholarship seats) by NIT Surat: Admission for GATE qualified candidates will be done through  CCMT coordinated by NIT Surat. The seats are allotted based on the GATE  score.Admission for M.Tech (Non-scholarship), M.Tech (Sponsored seats), M.Tech (Research): The admission for M.Tech (Non-scholarship), M.Tech (Sponsored Seats), M.Tech (Research) is done by NITK Surathkal. M.Tech. (Non-Scholarship): The non-scholarship seats for the M.Tech program are the vacant seats existing in the scholarship category seats.  Selection of candidates for admission will be based on academic performance in the qualifying examination or/and written aptitude test or/and Interview etc as decided by the DPGC of the Concerned Department offering the programme to be advertised in the Institute website later after completion of CCMT.M.Tech. (Sponsored): Selection of candidates for admission will be based upon academic performance in qualifying examination or/and written aptitude test or/and Interview etc as decided by the DPGC of the Concerned Department offering the programme. The candidates must have a minimum of two years of full-time work experience in the sponsoring organization after completion of a qualifying degree.M.Tech. (Research): Selection of candidates for admission will be based upon GATE score or in some of the programmes selection will be based on at least 70% weightage to GATE score and the remaining 30% weightage to academic performance in qualifying examination or/and written aptitude test or/and Interview etc as decided by the DPGC of the Concerned Department offering the programme.",GATE,33
"SASTRA University Thanjavur - Shanmugha Arts Science Technology Research and Academy, Thanjavur",N/A,4.2/5,183 Reviews,NIRF Ranking: 47,https://www.careers360.com/university/shanmugha-arts-science-technology-research-and-academy-thanjavur/mca-online-course,Online MCA at SASTRA Online Online Course,General₹ 2.00 L,N/A,N/A,"Shanmugha Arts Science Technology Research and Academy (SASTRA), Thanjavur offers a Master of Computer Applications (MCA) in an online mode. The Online MCA programme offered at SASTRA University is designed to equip students with theoretical and practical skills in the world of computing.","To apply for the SASTRA University Online MCA, students must meet the eligibility criteria. As per the online MCA eligibility criteria, they must possess a graduation degree in any discipline from a recognised university.",The MCA online degree admission is based solely on the merit of the candidates. Eligible candidates are required to register themselves on the official university website and then complete the admission process by filing up the application form online. Applicants are required to pay the online MCA fees in online mode which will be non-refundable. Candidates will have to pay the entire course fee if they decide not to proceed with the course after the admission process has ended.,N/A,N/A
IIT Ropar (IIT-RPR) - Indian Institute of Technology Ropar,N/A,4.5/5,126 Reviews,NIRF Ranking: 48,https://www.careers360.com/university/indian-institute-of-technology-ropar/msc-chemistry-course,M.Sc Chemistry at IIT Ropar (IIT-RPR) Offline Course,General₹ 1.02 L,Full time,24 Months,Master of Science in Chemistry is two years (4 Semester) full-time postgraduate program offered at the Indian Institute of Technology Ropar.,"MEQ:    Bachelor’s degree with Chemistry as a subject for three years/ six semesters & Mathematics as a subject at (10+2) levelER:      All candidates admitted through JAM should have a Bachelor’s degree.At least 55% aggregate marks, without rounding off, (taking into account all subjects, including Languages and Subsidiaries, all years combined) for General/OBC-NCL Category Candidates and at least 50% aggregate marks,without rounding off, (taking into account all subjects, including Languages and Subsidiaries, all years combined) for SC/ST and PwD Category Candidates in the qualifying degree.",Admission to M.Sc. programmes for the academic year 2023-24 is open via JAM 2023.,JAM,25
"Amity University, Noida",N/A,4.1/5,401 Reviews,NIRF Ranking: 49,https://www.careers360.com/colleges/amity-institute-of-pharmacy-noida/mpharma-pharmaceutics-course,"M.Pharma Pharmaceutics at Amity Institute of Pharmacy, Noida Offline Course",General₹ 2.76 L,Full time,24 Months,"Master of Pharmacy in Pharmaceutics is two years full-time postgraduate course and offered by the Amity University, Noida and approved by PCI.",The candidate should have passed in B.Pharm with minimum 60% from PCI recognized Institute.,Admission is based on the:English Language TestSubject Based Written TestPersonal Interview,N/A,15
"Kalasalingam Academy of Research and Education, Virudhunagar",N/A,4.0/5,35 Reviews,NIRF Ranking: 50,https://www.careers360.com/university/kalasalingam-academy-of-research-and-education-virudhunagar/mca-course,"MCA at Kalasalingam Academy of Research and Education, Virudhunagar Offline Course",General₹ 1.51 L,Full time,36 Months,"The Department of Computer Applications was established in the year 1997, offering Master of Computer Applications (MCA) programme.  The programme was initially affiliated to Madurai Kamaraj University and later to Anna University. The MCA programme is a three year full time programme Later, the department was upgraded (MCA) programme is a Two Years full time programme covering various aspects of computing, accounting, programming, design & managing networks and database that an individual may pursue before foraying into the world of Information Technology (IT).  Over the years, the department has built-up a well-equipped laboratory and an excellent departmental library. It believes in academic excellence through value based education, which is conducive to boost the inherent capabilities and confidence of the students to take up the challenges of the rapidly changing world. The department has organized various workshops in collaboration with the industry to keep abreast with the latest updates and conducted lecture series by eminent personalities from the industry and academia. To foster creativity amongst the students and faculty it brings forth National Conference titled Emerging Issues in Computer Applications once in a year. The educational objective of the MCA program is to enable the students to have a holistic and all round grooming, to be a thorough professional in the field of IT. The students are trained to have a sound foundation in the fundamentals of computer technology, a high level of practical skill in the use of that technology and at the same time, be sensitive to the issues prevailing in the society. The Alumni of the department were all well placed in good positions of the major IT companies in India and abroad.",A candidate must have passed with the Minimum of 60% aggregate marks in the relevant branch of study at the Graduation/Undergraduate Level.,Admission of the students is on the basis of performance in the Entrance Examination of Kalasalingam University.,N/A,160
"CUSAT Kochi - Cochin University of Science and Technology, Kochi",N/A,4.3/5,36 Reviews,NIRF Ranking: 51,https://www.careers360.com/colleges/cochin-university-college-of-engineering-kuttanad/mca-course,"MCA at Cochin University College of Engineering, Kuttanad Offline Course",N/A,Full time,24 Months,"Master of Computer Application (MCA) is a two-year full-time postgraduate course offered by Cochin University of Science and Technology, Kochi and approved by the All India Council for Technical Education (AICTE).",Passed BCA/ Bachelor Degree in Computer Science Engineering or equivalent Degree. OR Passed B.Sc./ B.Com./ B.A. with Mathematics at 10+2 level or at Graduation Level (with additional bridge Courses as per the norms of the concerned University). Obtained at least 50% marks (45% marks in case of candidates belonging to reserved category) in the qualifying Examination.,N/A,N/A,60
NIT Warangal - National Institute of Technology Warangal,N/A,4.6/5,142 Reviews,NIRF Ranking: 53,https://www.careers360.com/university/national-institute-of-technology-warangal/mtech-construction-technology-and-management-course,M.Tech Construction Technology and Management at NIT Warangal Offline Course,General₹ 3.04 L,Full time,24 Months,"Master of Technology (M.Tech) in Construction Technology and Management is a two-year (4 semesters) full-time postgraduate engineering course offered by the Department of Civil Engineering at National Institute of Technology, Warangal.",Candidates seeking admission into M.Tech. in Engineering should have passed BE/B.Tech. or equivalent degree in the subject concerned from a recognized University/Institute with First Class not less than 60% marks or equivalent CGPA of 6.5/10. In case of SC/ST candidates 55% marks or equivalent CGPA of 6.0/10 is the eligibility requirement.,"Admissions are made on All India basis for all the programs, with reservations as per Government of India norms. The selection criterion for admission into all the M.Tech. programs is based on valid GATE score.",GATE,35
NIT Calicut - National Institute of Technology Calicut,N/A,4.3/5,154 Reviews,NIRF Ranking: 54,https://www.careers360.com/university/national-institute-of-technology-calicut/mca-course,MCA at NIT Calicut Offline Course,N/A,Full time,36 Months,"The Master of Computer Applications (MCA) programme is offered by the Computer Science and Engineering Department of NITC. This is a three-year programme with one full semester devoted to project work. In addition to the core courses in Computer Science covering the basic knowledge areas, there are courses from Mathematics, Management and Humanities, which enable the students to acquire the required skills for a successful career. The elective courses offered in the emerging areas give them an opportunity to be in the forefront of technology and applications. Ample stress is given on software principles and practices to help them excel in their profession. The single-semester individual project is expected to give the student an experience to tackle a problem from its specification through design, implementation and testing, to possible deployment and maintenance planning.",Indian Nationals securing minimum 60% marks (or CGPA 6.5/10) for GEN/GEN-EWS/OBC and 55% marks (or CGPA 6.0/10) for SC/ST/PwD in (i) B.Sc./ B.Sc. (Hons)/ BCA/ BIT/ B.Voc.(Computer Science/ Computer Applications/ Software Development) of minimum three years full-time from a recognized University with Mathematics/Statistics as one of the subjects Or (ii) B.E./ B.Tech. from a recognized University are eligible to appear for NIMCET. Conversion from CGPA to percentage or vice versa given by individual Institute/university will not be considered / allowed. (CGPA other than 10-point scale will be converted to 10-point scale based on Unitary method),N/A,NIMCET,52
"Bharathidasan University - Bharathidasan University, Tiruchirappalli",N/A,4.2/5,7 Reviews,NIRF Ranking: 55,https://www.careers360.com/colleges/annai-college-of-arts-and-science-kumbakonam/mca-course,MCA at ACAS Kumbakonam Offline Course,N/A,Full time,24 Months,"Master of Computer Application (MCA) is a two-year full-time course postgraduate offered by Bharathidasan University, Tiruchirappalli, and approved by the All India Council for Technical Education (AICTE).",Passed BCA/ Bachelor Degree in Computer Science Engineering or equivalent Degree. OR Passed B.Sc./ B.Com./ B.A. with Mathematics at 10+2 Level or at Graduation Level (with additional bridge Courses as per the norms of the concerned University). Obtained at least 50% marks (45% marks in case of candidates belonging to reserved category) in the qualifying Examination.,N/A,N/A,180
"ICT Mumbai - Institute of Chemical Technology, Mumbai",N/A,4.5/5,25 Reviews,NIRF Ranking: 56,https://www.careers360.com/colleges/institute-of-chemical-technology-mumbai-marathwada-campus-jalna/mtech-chemical-engineering-integrated-course,"M.Tech Chemical Engineering Integrated at Institute of Chemical Technology Mumbai, Marathwada Campus, Jalna Offline Course",N/A,Full time,60 Months,"Master of Technology (M.Tech) in Chemical Engineering Integrated is a five-year full-time postgraduate program recognized by the All India Council for Technical Education (AICTE) and offered by the Institute of Chemical Technology, Mumbai.",Passed 10+2 examination with Physics and Mathematics as compulsory subjects along with one of the Chemistry/ Biotechnology/ Biology/ Technical Vocational subject. Obtained at least 45% marks (40% marks in case of candidates belonging to reserved category) in the above subjects taken together.,N/A,N/A,60
